Item_id,name
1,aa-arts-and-science-college-women-chennai
2,aa-govt-arts-college-attur-salem
3,aa-govt-arts-college-for-men-namakkal
4,aalim-muhammed-salegh-college-of-engineering
5,abi-and-abi-college-thanjavur
6,acharya-narendra-dev-college-new-delhi
7,adaikala-matha-college-thanjavur
8,adharsh-vidyalaya-college-of-arts-and-science-for-women-bhavani-erode
9,adhiparasakthi-college-of-science-vellore
10,adhiyamaan-college-of-engineering hosur
11,aditanar-college-of-arts-and-science-tiruchendur-tuticorin
12,adithya-institute-of-technology
13,adm-college-for-women-nagapattinam
14,aet-college-attur-salem
15,aiman-college-of-arts-and-science-for-women-trichy
16,ajk-college-of-arts-and-science-coimbatore
17,akc-college-of-arts-and-science-virudhunagar
18,akd-dharmaraja's-women's-college-rajapalayam-virudhunagar
19,aksheyaa-college-of-engineering
20,alagappa-government-arts-college-karaikudi
21,alagappa-govt-arts-college-karaikudi-sivagangai
22,alagappa-university-karaikudi
23,alagappa-university-karaikudi
24,alamelu-angappan-college-for-women-komarapalayam-namakkal
25,aligarh-muslim-university-aligarh
26,aligarh-muslim-university-aligarh
27,aligarh-muslim-university-aligarh
28,aligarh-muslim-university-aligarh
29,aligarh-muslim-university-aligarh
30,alliance-university-bengaluru
31,alliance-university-bengaluru
32,alpha-arts-and-science-college-chennai
33,alpha-college-of-engineering
34,ambai-arts-college-ambasamudram-tirunelveli
35,ambiga-college-of-arts-and-science-madurai
36,amity-university-gautam-budh-nagar
37,amity-university-gautam-budh-nagar
38,amity-university-gautam-budh-nagar
39,amity-university-gautam-budh-nagar
40,am-jain-college-men-chennai
41,amrita-vishwa-vidyapeetham-coimbatore
42,amrita-vishwa-vidyapeetham-coimbatore
43,ananda-college-devakottai-sivagangai
44,anand-agricultural-university-anand
45,anand-agricultural-university-anand
46,anand-institute-of-higher-technology
47,anbu-arts-and-science-college-komarapalayam-namakkal
48,andhra-loyola-college-vijayawada
49,andhra-university-visakhapatnam
50,andhra-university-visakhapatnam
51,angappa-college-of-arts-and-science-coimbatore
52,anja-college-autonomous-sivakasi-virudhunagar
53,anna-adarsh-college-for-women-chennai
54,anna-adarsh-college-for-women-chennai
55,annai-college-of-arts-and-science-kumbakonam-thanjavur
56,annai-fathima-college-of-arts-and-science-madurai
57,annai-hajira-women's-college-tirunelveli
58,annai-teresa-college-of-engineering
59,annai-theresa-college-of-arts-and-science-kanchipuram
60,annai-veilankanni-college-kanyakumari
61,annai-veilankanni's-college-of-arts-and-science-chennai
62,annai-violet-arts-and-science-college-chennai
63,annai-women's-college-karur
64,anna-university-chennai
65,anna-university-chennai
66,anna-university-chennai
67,anna-university-chennai
68,anna-university-chennai
69,anurag-group-of-institutions-hyderabad
70,apa-college-of-arts-and-culture-palani-dindigul
71,apc-mahalakshmi-college-for-women-tuticorin
72,apollo-arts-and-science-college-kanchipuram
73,apollo-engineering-college
74,apollo-priyadarshanam-institute-of-technology
75,arakkonam-arts-and-science-college-arakkonam-vellore
76,arcot-sri-mahalakshmi-women's-college-vellore
77,arc-viswanathan-college-mayiladuthurai-nagapattinam
78,aries-arts-and-science-college-for-women-cuddalore
79,arignar-anna-college-arts-and-science-krishnagiri
80,arignar-anna-college-kanyakumari
81,arignar-anna-government-arts-college-for-men-namakkal
82,arignar-anna-govt-arts-college-cheyyar-tiruvanamalai
83,arignar-anna-govt-arts-college-for-women-walajapet-vellore
84,arignar-anna-govt-arts-college-musiri-trichy
85,arignar-anna-govt-arts-college-villupuram
86,arignar-anna-institute-of-science-and-technology
87,army-institute-of-technology-pune
88,arputha-college-of-arts-and-science-pudukkottai-pudukottai
89,arul-anandar-college-madurai
90,arulmigu-meenakshi-amman-college-of-engineering
91,arulmigu-panruti-ayyan-arts-and-science-college-tuticorin
92,arumugam-pillai-seethai-ammal-college-thiruppathur-sivagangai
93,arungarai-amman-college-of-arts-and-science-karur
94,arun-krishna-college-of-arts-and-science-tiruvannamalai-tiruvanamalai
95,asan-memorial-college-of-arts-and-science-chennai
96,asan-memorial-college-of-engineering-and-technology
97,assam-university-silchar
98,atal-bihari-vajpayee-indian-institute-of-information-technology-and-management-gwalior
99,atma-ram-sanatan-dharm-college-new-delhi
100,attur-arts-and-science-college-attur-salem
101,auxilium-college-katpadi-vellore
102,auxilium-college-of-arts-and-science-for-women-pudukottai
103,avc-college-autonomous-mayiladuthurai-nagapattinam
104,avinashilingam-university-for-women-avinashilingam-institute-for-home-science-and-higher-education-for-women-coimbatore
105,avs-college-of-arts-and-science-salem
106,avvm-sri-pushpam-college-autonomous-thanjavur
107,ayya-nadar-janaki-ammal-college-sivakasi
108,ayyan-thiruvalluvar-college-of-arts-and-science-coimbatore
109,banaras-hindu-university-varanasi
110,banaras-hindu-university-varanasi
111,banaras-hindu-university-varanasi
112,banasthali-vidyapith-banasthali
113,banasthali-vidyapith-banasthali
114,bannari-amman-institute-of-technology sathyamangalam
115,bannari-amman-institute-of-technology-sathyamangalam
116,bansilal-ramnath-agarwal-charitable-trusts-vishwakarama-institute-of-technology-pune
117,basaveshwar-engineering-college-bagalkot
118,best-arts-and-science-college-nagapatinam-nagapattinam
119,bethune-college-kolkata
120,bhajarang-engineering-college
121,bhaktavatsalam-memorial-college-for-women-chennai
122,bharath-college-of-science-and-management-thanjavur
123,bharathi-arts-and-science-college-villupuram
124,bharathiar-university-coimbatore
125,bharathiar-university-coimbatore
126,bharathidasan-college-of-arts-and-science-erode
127,bharathidasan-engineering-college
128,bharathidasan-institute-of-management-tiruchirappalli
129,bharathidasan-university-tiruchirappalli
130,bharathidasan-university-tiruchirappalli
131,bharath-institute-of-higher-education-and-research-chennai
132,bharath-institute-of-higher-education-and-research-chennai
133,bharathi's-women's-college-chennai
134,bharathiyar-arts-and-science-college-for-women-salem
135,bharath-vidhya-mandhir-arts-&-science-college-thandarampet-tiruvanamalai
136,bharati-vidyapeeth-deemed-university-college-of-engineering-pune
137,bharati-vidyapeeth-pune
138,bharati-vidyapeeth-pune
139,bharatiya-vidya-bhavans-sardar-patel-institute-of-technology-mumbai
140,birla-institute-of-management-technology-greater-noida
141,birla-institute-of-technology-and-science-pilani
142,birla-institute-of-technology-and-science-pilani
143,birla-institute-of-technology-and-science-pilani
144,birla-institute-of-technology-ranchi
145,birla-institute-of-technology-ranchi
146,birla-institute-of-technology-ranchi
147,birla-institute-of-technology-ranchi
148,birla-institute-of-technology-ranchi
149,bishop-ambrose-college-coimbatore
150,bishop-calldowell-college-tuticorin
151,bishop-heber-college-tiruchirappalli
152,bishop-heber-college-trichy
153,bishop-thorp-college-erode
154,b-k-r-college-of-engineering-and-technology
155,bms-college-of-architecture-bengaluru
156,b-m-s-college-of-engineering-bengaluru
157,bms-institute-of-technology-and-management-bengaluru
158,bnm-institute-of-technology-bengaluru
159,bon-secours-college-for-women-thanjavur
160,b-padmanabhan-jayanthimala-arts-and-science-college-cuddalore
161,b-s-abdur-rahman-crescent-institute-of-science-and-technology-chennai
162,bvrit-hyderabad
163,c-abdul-hakeem-college-of-engineering-&-technology
164,c-abdul-hakkim-college-vellore
165,calcutta-university-kolkata
166,calcutta-university-kolkata
167,calicut-university-malappuram
168,calicut-university-malappuram
169,cambridge-college-of-arts-and-science-karur
170,caussanel-college-of-arts-and-science-ramanathapuram-ramnad
171,cauveri-college-for-women-trichy
172,cbm-college-coimbatore
173,central-university-of-punjab-bathinda
174,chaitanya-bharathi-institute-of-technology-hyderabad
175,chandigarh-university-mohali
176,chandigarh-university-mohali
177,chaudhary-charan-singh-haryana-agricultural-university-hisar
178,chaudhary-charan-singh-haryana-agricultural-university-hisar
179,chellammal-women's-college-of-the-pachaiyappa's-trust-chennai
180,chennai-institute-of-technology
181,chennai-national-college-arts-and-science-chennai
182,cheraan's-arts-science-college-erode
183,cherran-college-for-women-tirupur
184,chettinad-college-of-arts-and-science-trichy
185,chevaliar-t-thomas-elizabeth-college-for-women-chennai
186,chidambaram-pillai-college-of-women-trichy
187,chikkaiah-naiacker-college-erode
188,chikkanna-government-arts-college-tiruppur-coimbatore
189,chitkara-university-rajpura
190,christ-college-thrissur
191,christhu-raj-college-trichy
192,c-kandasami-naidu-college-for-men-chennai
193,c-kandasamy-naidu-college-for-women-cudalore-cuddalore
194,c-m-r-institute-of-technology-bengaluru
195,cms-college-of-science-and-commerce-coimbatore
196,cms-college-of-science-and-commerce-coimbatore
197,cochin-university-of-science-and-technology-cochin
198,cochin-university-of-science-and-technology-cochin
199,coimbatore-institute-of-technology-coimbatore
200,college-of-engineering-pune
201,college-of-engineering-pune
202,college-of-engineering-thiruvananthapuram
203,college-of-engineering-thiruvananthapuram
204,college-of-engineering-visakhapatnam
205,college-of-engineering-visakhapatnam
206,communication-technology-gandhinagar
207,cpa-college-theni
208,csi-bishop-appasamy-college-of-arts-and-science-coimbatore
209,csi-college-of-engineering-ketti
210,csi-darling-selvabai-thavaraj-david-college-of-arts-and-science-for-women-madurai
211,csi-edward-women's-christian-college-kanchipuram
212,csi-jeyaraj-annapackiam-college-nallur-tirunelveli
213,ctm-college-of-arts-and-science-chennai
214,c-v-raman-college-of-engineering-bhubaneswar
215,cvr-college-of-engineering-ibrahimpatan
216,danapackiyam-krishnasamy-mudaliar-college-for-women-vellore
217,datta-meghe-institute-of-medical-sciences-wardha
218,daulat-ram-college-delhi
219,dayalbagh-educational-institute-agra
220,dayalbagh-educational-institute-agra
221,dayananda-sagar-college-of-engineering-bengaluru
222,deen-dayal-upadhyaya-college-new-delhi
223,defence-institute-of-advanced-technology-pune
224,delhi-technological-university-new-delhi
225,delhi-technological-university-new-delhi
226,delhi-technological-university-new-delhi
227,devanga-arts-college-aruppukottai-virudhunagar
228,dg-govt-arts-college-for-women-nagapattinam
229,dhanalakshmi-srinivasan-college-of-arts-and-science-for-women-perambalur
230,dhanraj-baid-jain-college-autonomous-chennai
231,dharmambal-ramasamy-arts-and-science-college-thanjavur
232,dharmamurthi-rao-bahadur-calavala-cunnan-chetty's-hindu-drbccch-college-chennai
233,dharmapuram-adinam-arts-college-nagapattinam
234,dhirubhai-ambani-institute-of-information-and
235,dibrugarh-university-dibrugarh
236,don-bosco-college-dharmapuri
237,dr-ambedkar-government-arts-college-chennai
238,dr-ambedkar-institute-of-technology-bengaluru
239,dr-babasaheb-ambedkar-marathwada-university-aurangabad
240,dr-b-r-ambedkar-college-of-law-visakhapatnam
241,dr-b-r-ambedkar-institute-of-technology-south-andaman
242,dr-b-r-ambedkar-national-institute-of-technology-jalandhar
243,dr-d-y-patil-vidyapeeth-pune
244,dr-d-y-patil-vidyapeeth-pune
245,dr-gr-damodaran-college-of-science-coimbatore
246,dr-kalaignar-government-arts-college-karur
247,dr-mahalingam-college-of-engineering-and-technology pollachi
248,dr-mahalingam-college-of-engineering-and-technology-pollachi
249,dr-mgr-chockalingam-arts-college-tiruvannamalai-tiruvanamalai
250,dr-mgr-janaki-college-of-arts-and-science-for-women-chennai
251,dr-nallikuppusamy-arts-college-thanjavur
252,dr-ngp-arts-and-science-college-coimbatore
253,dr-n-g-p-arts-and-science-college-coimbatore
254,dr-ram-manohar-lohiya-national-law-university-lucknow
255,dr-ranm-arts-and-science-college-erode
256,dr-rk-shanmugam-college-of-arts-and-science-villupuram
257,dr-rv-arts-and-science-college-coimbatore
258,dr-sir-al-mudaliar-vocational-arts-and-science-tiruvallur
259,dr-sivanthi-aditanar-college-of-engineering-tiruchendur-thoothukudi
260,dr-sns-rajalakshmi-college-of-arts-and-science-coimbatore
261,dr-umayal-ramanathan-college-for-women-karaikudi-sivagangai
262,dr-vishwanath-karad-mit-world-peace-university-pune
263,dr-y-s-parmar-university-of-horticulture-and-forestry-solan
264,dr-zakir-hussain-college-sivagangai
265,dwaraka-doss-goverdhan-doss-vaishnav-college-chennai
266,dyal-singh-college-new-delhi
267,easwari-engineering-college
268,easwari-engineering-college-chennai
269,edaiyathangudi-gs-pillai-arts-and-science-college-nagapattinam
270,emerald-heights-college-for-women-udhagamandalam-nilgiris
271,emg-yadava-women's-college-madurai
272,enathi-rajappa-college-of-arts-and-science-pattukkottai-thanjavur
273,erode-arts-college-autonomous-erode
274,erode-arts-college-for-women-erode
275,erode-christian-college-of-arts-and-science-for-women-erode
276,erode-sengunthar-engineering-college-thudupathi-erode
277,ethiraj-college-for-women-autonomous-chennai
278,ethiraj-college-for-women-chennai
279,faculty-of-management-studies-delhi
280,farook-college-kozhikode
281,fatima-college-autonomous-madurai
282,fatima-college-madurai
283,fatima-mata-national-college-kollam
284,fergusson-college-pune
285,fore-school-of-management-new-delhi
286,francis-xavier-engineering-college-vannarpettai-tirunelveli
287,ganapathi-seethai-ammal-college-manamadurai-sivagangai
288,gandhi-institute-of-technology-and-management-visakhapatnam
289,ganesar-senthamil-kallori-thanjavur
290,gargi-college-delhi
291,gauhati-university-guwahati
292,gauhati-university-guwahati
293,gayatri-vidya-parishad-college-of-engineering-visakhapatnam
294,g-b-pant-universtiy-of-agriculture-and-technology-pantnagar
295,g-b-pant-universtiy-of-agriculture-and-technology-pantnagar
296,g-b-pant-universtiy-of-agriculture-and-technology-pantnagar
297,gem-gates-arts-amd-science-college-salem
298,g-h-raisoni-college-of-engineering-nagpur
299,gkm-college-of-engineering-and-technology
300,goa-institute-of-management-sanquelim
301,goa-university-goa
302,gobi-arts-and-science-college-autonomous-erode
303,gojan-school-of-business-and-technology
304,goka-raju-ranga-raju-institute-of-engineering-and-technology-hyderabad
305,gopal-ramalingam-memorial-engineering-college
306,goswami-ganesh-dutta-sanatan-dharma-college-chandigarh
307,government-arts-college-coimbatore
308,government-arts-college-for-women-kumbakonam-thanjavur
309,government-arts-college-for-women-pudukkottai-pudukottai
310,government-college-for-women-kumbakonam-thanjavur
311,government-college-of-technology-coimbatore
312,govindammal-adithanar-women's-college-tuticorin
313,govt-arts-and-science-college-for-women-bargur-dharmapuri
314,govt-arts-college-ariyalur
315,govt-arts-college-autonomous-coimbatore
316,govt-arts-college-chidambaram-cuddalore
317,govt-arts-college-coimbatore
318,govt-arts-college-dharmapuri
319,govt-arts-college-for-men-autonomous-chennai
320,govt-arts-college-for-men-krishnagiri
321,govt-arts-college-for-women-krishnagiri
322,govt-arts-college-for-women-krishnagiri
323,govt-arts-college-for-women-ramanathapuram-ramnad
324,govt-arts-college-for-women-salem
325,govt-arts-college-for-women-tirunelveli
326,govt-arts-college-karur
327,govt-arts-college-madurai
328,govt-arts-college-paramakudi-ramnad
329,govt-arts-college-salem
330,govt-arts-college-thiruvananthapuram
331,govt-arts-college-thiruvannamalai-tiruvanamalai
332,govt-arts-college-trichy
333,govt-arts-college-udagamandalam-nilgiris
334,govt-college-for-women-sivagangai
335,govt-college-for-women-thiruvananthapuram
336,govt-home-science-college-sector-10-chandigarh
337,govt-thirumagal-mills-college-vellore
338,g-pulla-reddy-engineering-college-kurnool
339,graphic-era-university-dehradun
340,great-lakes-institute-of-management-chennai
341,gtn-arts-college-dindigul
342,gujarat-national-law-university-gandhinagar
343,guru-gobind-singh-indraprastha-university-new-delhi
344,guru-gobind-singh-indraprastha-university-new-delhi
345,guru-gobind-singh-indraprastha-university-new-delhi
346,guru-gobind-singh-indraprastha-university-new-delhi
347,guru-nanak-college-chennai
348,guru-nanak-dev-university-amritsar
349,guru-nanak-dev-university-amritsar
350,guru-shree-shanti-vijai-jain-college-for-women-chennai
351,gvn-college-tuticorin
352,haldia-institute-of-technology-haldia
353,hans-raj-college-delhi
354,harur-muthu-arts-and-science-college-for-women-dharmapuri
355,heritage-institute-of-technology-kolkata
356,hh-the-rajahs-college-autonomous-pudukkottai-pudukottai
357,hindu-college-delhi
358,hindustan-college-of-arts-and-science-chennai
359,hindustan-institute-of-technology-and-science-chennai
360,hindusthan-college-of-arts-and-science-coimbatore
361,hkrh-college-theni
362,holy-cross-college-autonomous-trichy
363,holy-cross-college-nagercoil-kanyakumari
364,holy-cross-college-tiruchirappalli
365,holy-cross-home-science-college-for-women-tuticorin
366,homi-bhabha-national-institute-mumbai
367,homi-bhabha-national-institute-mumbai
368,icfai-foundation-for-higher-education-hyderabad
369,idaya-college-of-arts-and-science-for-women-tiruvannamalai-tiruvanamalai
370,idhaya-college-of-arts-and-science-for-women-kumbakonam-thanjavur
371,idhaya-engineering-college-for-women
372,idhaya-women's-college-sivagangai
373,iihmr-university-jaipur
374,imayam-college-of-arts-and-science-trichy
375,immaculate-college-for-women-villupuram
376,indian-arts-and-science-college-tiruvannamalai-tiruvanamalai
377,indian-harvard-arts-and-science-college-chennai
378,indian-institute-of-engineering-science-and-technology-shibpur
379,indian-institute-of-engineering-science-and-technology-shibpur
380,indian-institute-of-foreign-trade-new-delhi
381,indian-institute-of-forest-management-bhopal
382,indian-institute-of-information-technology-allahabad
383,indian-institute-of-information-technology-design-and-manufacturing-chennai
384,indian-institute-of-management-ahmedabad
385,indian-institute-of-management-bangalore-bengaluru
386,indian-institute-of-management-calcutta-kolkata
387,indian-institute-of-management-calcutta-kolkata
388,indian-institute-of-management-indore
389,indian-institute-of-management-kashipur
390,indian-institute-of-management-kozhikode
391,indian-institute-of-management-lucknow
392,indian-institute-of-management-raipur
393,indian-institute-of-management-ranchi
394,indian-institute-of-management-rohtak
395,indian-institute-of-management-shillong
396,indian-institute-of-management-tiruchirappalli
397,indian-institute-of-management-udaipur
398,indian-institute-of-science-bengaluru
399,indian-institute-of-science-bengaluru
400,indian-institute-of-science-education-and-research-bhopal
401,indian-institute-of-science-education-and-research-kolkata
402,indian-institute-of-science-education-and-research-mohali
403,indian-institute-of-science-education-and-research-pune
404,indian-institute-of-space-science-and-technology-thiruvananthapuram
405,indian-institute-of-technology-banaras-hindu-university-varanasi
406,indian-institute-of-technology-banaras-hindu-university-varanasi
407,indian-institute-of-technology-bhubaneswar
408,indian-institute-of-technology-bhubaneswar
409,indian-institute-of-technology-bombay-mumbai
410,indian-institute-of-technology-bombay-mumbai
411,indian-institute-of-technology-bombay-mumbai
412,indian-institute-of-technology-delhi
413,indian-institute-of-technology-delhi
414,indian-institute-of-technology-delhi
415,indian-institute-of-technology-gandhinagar
416,indian-institute-of-technology-gandhinagar
417,indian-institute-of-technology-guwahati
418,indian-institute-of-technology-guwahati
419,indian-institute-of-technology-hyderabad
420,indian-institute-of-technology-hyderabad
421,indian-institute-of-technology-indian-school-of-mines-dhanbad
422,indian-institute-of-technology-indian-school-of-mines-dhanbad
423,indian-institute-of-technology-indian-school-of-mines-dhanbad
424,indian-institute-of-technology-indore
425,indian-institute-of-technology-jodhpur
426,indian-institute-of-technology-kanpur
427,indian-institute-of-technology-kanpur
428,indian-institute-of-technology-kanpur
429,indian-institute-of-technology-kharagpur
430,indian-institute-of-technology-kharagpur
431,indian-institute-of-technology-kharagpur
432,indian-institute-of-technology-kharagpur
433,indian-institute-of-technology-kharagpur
434,indian-institute-of-technology-madras
435,indian-institute-of-technology-madras-chennai
436,indian-institute-of-technology-madras-chennai
437,indian-institute-of-technology-mandi
438,indian-institute-of-technology-mandi
439,indian-institute-of-technology-patna
440,indian-institute-of-technology-patna
441,indian-institute-of-technology-roorkee
442,indian-institute-of-technology-roorkee
443,indian-institute-of-technology-roorkee
444,indian-institute-of-technology-roorkee
445,indian-institute-of-technology-ropar-rupnagar
446,indian-law-institute-new-delhi
447,indira-gandhi-delhi-technical-university-for-women-delhi
448,indira-gandhi-jayanthi-women's-college-villupuram
449,indira-institute-of-engineering-and-technology
450,indo-american-college-tiruvannamalai-tiruvanamalai
451,indraprastha-college-for-women-delhi
452,indraprastha-institute-of-information-technology-new-delhi
453,info-institute-of-engineering-coimbatore
454,institute-for-financial-management-and-research-satyavedu
455,institute-of-aeronautical-engineering-hyderabad
456,institute-of-chemical-technology-mumbai
457,institute-of-chemical-technology-mumbai
458,institute-of-chemical-technology-mumbai
459,institute-of-engineering-and-management-kolkata
460,institute-of-management-and-entrepreneurship-development-pune
461,institute-of-management-technology-ghaziabad
462,institute-of-management-technology-hyderabad
463,institute-of-management-technology-nagpur
464,institute-of-rural-management-anand
465,international-institute-of-information-technology-bangalore
466,international-institute-of-information-technology-hyderabad
467,international-institute-of-information-technology-hyderabad
468,international-management-institute-bhubaneswar
469,international-management-institute-kolkata
470,international-management-institute-new-delhi
471,islamiah-college-vellore
472,islamiah-women's-arts-and-science-college-vellore
473,ja-arts-and-science-college-chennai
474,jadavpur-university-kolkata
475,jadavpur-university-kolkata
476,jadavpur-university-kolkata
477,jagan-institute-of-management-studies-delhi
478,jain-university-bengaluru
479,jaipuria-institute-of-management-jaipur
480,jaipuria-institute-of-management-lucknow
481,jaipuria-institute-of-management-lucknow
482,jairam-arts-and-science-college-salem
483,jairams-arts-&-science-college-karur
484,jamal-mohamed-college-tiruchirappalli
485,jamal-mohamed-college-trichy
486,jamia-hamdard-new-delhi
487,jamia-hamdard-new-delhi
488,jamia-millia-islamia-new-delhi
489,jamia-millia-islamia-new-delhi
490,jamia-millia-islamia-new-delhi
491,jamia-millia-islamia-new-delhi
492,jamia-millia-islamia-new-delhi
493,jamia-millia-islamia-new-delhi
494,jawaharlal-nehru-technological-university-hyderabad
495,jawaharlal-nehru-university-new-delhi
496,jawaharlal-nehru-university-new-delhi
497,jawahar-science-college-neyveli-cuddalore
498,jaya-college-of-arts-and-science-tiruvallur
499,jaya-engineering-college
500,jaya-engineering-college
501,jayagovind-harigopal-agarwal-agarsen-college-chennai
502,jayaraj-annapackiam-college-for-women-autonomous-theni
503,jaya-suriya-engineering-college
504,jaypee-institute-of-information-technology-noida
505,jaypee-university-of-information-technology-solan
506,jeppiaar-engineering-college
507,jesus-&-mary-college-new-delhi
508,jeyaraj-chelladurai-college-of-arts-and-science-theni
509,jj-college-of-arts-&-science-pudukkottai-pudukottai
510,jkk-nataraja-college-of-arts-and-science-namakkal
511,jkknattraja-college-of-engineering-and-technology
512,jnn-institute-of-engineering
513,jntua-college-of-engineering-anantapur
514,john-bosco-arts-and-science-college-tiruvallur
515,joseph-arts-and-science-college-villupuram
516,jothi-college-vellore
517,jss-academy-of-higher-education-and-research-mysore
518,jss-academy-of-higher-education-and-research-mysuru
519,justice-basheer-ahmed-syed-college-for-women-chennai
520,justice-basher-ahmed-sayeed-college-for-women-chennai
521,kaamadhenu-arts-and-science-college-erode
522,kairali-arts-science-and-commerce-college-coimbatore
523,kakatiya-institute-of-technology-and-science-warangal
524,kalaignar-karunanidhi-institute-of-technology
525,kalaivani-college-of-technology-coimbatore
526,kalasalingam-academy-of-research-and-higher-education-srivilliputtur
527,kalindi-college-delhi
528,kalinga-institute-of-industrial-technology-bhubaneswar
529,kalinga-institute-of-industrial-technology-bhubaneswar
530,kalinga-institute-of-industrial-technology-bhubaneswar
531,kalinga-institute-of-industrial-technology-bhubaneswar
532,kalinga-institute-of-industrial-technology-bhubaneswar
533,kalsar-college-of-engineering
534,kalyani-university-kalyani
535,kamadhenu-college-of-arts-and-science-dharmapuri
536,kamala-nehru-college-delhi
537,kamaraj-college-tuticorintu-tuticorin
538,kamban-college-arts-and-science-for-women-tiruvannamalai-tiruvanamalai
539,kanchi-kamatchi-amman-arts-and-science-college-for-women-kanchipuram
540,kanchi-mamunivar-centre-for-post-graduate-studies-puducherry
541,kanchi-shri-krishna-college-of-arts-and-science-kanchipuram
542,kandaswami-kandar's-college-namakkal
543,karpagam-university-karpagam-arts-and-science-college-coimbatore
544,karunya-institute-of-technology-and-sciences-coimbatore
545,karunya-institute-of-technology-and-sciences-coimbatore
546,karuppannan-mariappan-college-erode
547,kathir-college-of-engineering
548,kaveripakkam-arts-and-science-college-kaveripakkam-vellore
549,kaypeeyes-college-of-arts-and-science-nilgiris
550,kcg-college-of-technology
551,kcs-kasi-nadar-college-of-arts-and-science-chennai
552,kerala-university-thiruvananthapuram
553,kerala-university-thiruvananthapuram
554,keshav-mahavidyalya-delhi
555,kg-college-of-arts-and-science-coimbatore
556,kgisl-institute-of-technology
557,khadir-mohideen-college-thanjavur
558,king-college-of-technology
559,king-georges-medical-university-lucknow
560,king-georges-medical-university-lucknow
561,king-nandivarman-college-of-arts-and-science-tiruvannamalai-tiruvanamalai
562,kings-college-of-arts-and-science-for-women-namakkal
563,kings-engineering-college
564,kirori-mal-college-delhi
565,k-j-somaiya-college-of-engineering-mumbai
566,k-j-somaiya-institute-of-management-studies-and-research-mumbai
567,kle-academy-of-higher-education-and-research-belagavi
568,kle-academy-of-higher-education-and-research-belagavi
569,kle-technological-university-dharwad
570,kmg-college-of-arts-and-science-vellore
571,knowledge-institute-of-technology salem
572,kodaikanal-christian-college-kodaikanal-dindigul
573,koneru-lakshmaiah-education-foundation-university
574,koneru-lakshmaiah-education-foundation-university-k-l-college-of-engineering-vaddeswaram
575,koneru-lakshmaiah-education-foundation-university-k-l-college-of-engineering-vaddeswaram
576,koneru-lakshmaiah-education-foundation-university-k-l-college-of-engineering-vaddeswaram
577,kongu-arts-and-science-college-erode
578,kongu-college-of-arts-and-science-karur
579,kongu-engineering-college-perundurai
580,kongu-engineering-college-perundurai erode
581,kongunadu-arts-and-science-college-coimbatore
582,kongunadu-arts-and-science-college-coimbatore
583,kovai-kalaimagal-college-of-arts-and-science-coimbatore
584,kpr-institute-of-engineering-and-technology coimbatore
585,kr-arts-and-science-college-tuticorin
586,krishnasamy-college-of-science-arts-and-management-for-women-cuddalore
587,ksg-college-of-arts-and-science-coimbatore
588,ks-raja-college-of-arts-and-science-for-women-villupuram
589,k-s-rangasamy-college-of-technology thiruchengode
590,ksr-college-of-arts-and-science-namakkal
591,ktvr-knowledge-park-for-engineering-and-technology
592,kumaraguru-college-of-technology coimbatore
593,kumaraguru-college-of-technology-coimbatore
594,kumara-rani-meena-muthiah-college-of-arts-and-science-for-women-chennai
595,kundavai-nachiyar-govt-college-for-women-thanjavur
596,kurinji-arts-and-science-college-trichy
597,kurinji-college-of-engineering-and-technology
598,kurukshetra-university-kurukshetra
599,kuvempu-university-shimoga
600,lady-doak-college-autonomous-madurai
601,lady-doak-college-madurai
602,lady-irwin-college-delhi
603,lady-shri-ram-college-for-women-new-delhi
604,lakshmi-narayanan-visalakshi-college-of-arts-and-science-coimbatore
605,lakshmipuram-college-of-arts-and-science-kanyakumari
606,lal-bahadur-shastri-institute-of-management-delhi
607,loganatha-narayanasamy-govt-arts-college-tiruvallur
608,loreto-college-kolkata
609,lovely-professional-university-phagwara
610,lovely-professional-university-phagwara
611,loyola-college-autonomous-chennai
612,loyola-college-chennai
613,loyola-college-of-engineering
614,loyola-institute-of-business-administration-chennai
615,lrg-govt-arts-college-for-women-tiruppur-coimbatore
616,madha-arts-and-science-college-chennai
617,madha-engineering-college
618,madras-christian-college-autonomous-chennai
619,madras-christian-college-chennai
620,madras-school-of-social-work-chennai
621,madura-college-autonomous-madurai
622,madurai-institute-of-social-sciences-madurai
623,madurai-kamaraj-university-college-theni
624,madurai-kamaraj-university-evening-college-dindigul
625,madurai-kamaraj-university-evening-college-dindigul
626,madurai-kamaraj-university-evening-college-madurai
627,madurai-kamaraj-university-evening-college-ramanathapuram-ramnad
628,madurai-kamaraj-university-evening-college-theni
629,madurai-kamaraj-university-evening-college-theni
630,madurai-kamaraj-university-madurai
631,madurai-kamaraj-university-madurai
632,madurai-sivakasi-nadars-college-for-women-sivagangai
633,magna-college-of-engineering
634,mahalakshmi-college-of-arts-and-science-chennai
635,mahalakshmi-engineering-college
636,maharaja-agrasen-college-delhi
637,maharaja-arts-and-science-college-coimbatore
638,maharaja-college-for-women-erode
639,maharaja-institute-of-technology-arasur-coimbatore
640,maharaja-sayajirao-university-of-baroda-vadodara
641,maharani-arts-and-science-women's-college-erode
642,maharshi-dayanand-university-rohtak
643,maharshi-karve-stree-shikshan-samsthas-cummins-college-of-engineering-for-women-pune
644,mahatma-arts-and-science-college-pudukottai
645,mahatma-gandhi-college-thiruvananthapuram
646,mahatma-gandhi-university-kottayam
647,mahatma-gandhi-university-kottayam
648,mahendra-college-of-arts-and-science-namakkal
649,mailam-engineering-college
650,maitreyi-college-new-delhi
651,malankara-catholic-college-kanyakumari
652,malviya-national-institute-of-technology-jaipur
653,mam-college-of-engineering
654,mam-college-of-engineering-and-technology
655,management-development-institute-gurugram
656,manav-rachna-international-institute-of-research-and-studies-faridabad
657,mangalore-university-mangalagangotri
658,mangayarkarasi-arts-and-science-college-for-women-madurai
659,manickam-college-of-arts-and-science-thanjavur
660,manipal-academy-of-higher-education-manipal
661,manipal-academy-of-higher-education-manipal
662,manipal-institute-of-technology-manipal
663,mannar-tirumalai-naicker-college-madurai
664,manonmaniam-sundaranar-university-tirunelveli
665,mar-gregorios-arts-and-science-college-chennai
666,mar-ivanios-college-thiruvananthapuram
667,marrapan-lakshmiamma-arts-and-science-college-for-women-vellore
668,mar-thoma-collegethiruvalla
669,marudhur-kesari-jain-college-for-women-vellore
670,maruthupandiyar-college-thanjavur
671,mass-college-of-arts-and-science-thanjavur
672,matha-college-of-arts-and-sciences-manamadurai-sivagangai
673,maulana-abul-kalam-azad-university-of-technology-nadia
674,maulana-azad-national-institute-of-technology-bhopal
675,maulana-azad-national-institute-of-technology-bhopal
676,mavmm-ayira-vysiar-college-madurai
677,mazharul-uloom-college-vellore
678,meenakshi-academy-of-higher-education-and-research-chennai
679,meenakshi-ammal-arts-and-science-college-for-women-kanchipuram
680,meenakshi-chandrasekaran-college-of-arts-and-science-pattukkottai-thanjavur
681,meenakshi-college-for-women-chennai
682,meenakshi-ramasamy-arts-and-science-college-perambalur
683,mepco-schlenk-engineering-college-sivakasi
684,mercury-college-of-arts-and-science-vellore
685,mgr-college-hosur-dharmapuri
686,mgr-college-of-arts-and-science-hosur-krishnagiri
687,m-g-r-educational-and-research-institute-chennai
688,michael-job-college-of-arts-and-science-for-women-coimbatore
689,miet-college-of-arts-and-science-trichy
690,miranda-house-delhi
691,misrimal-navajee-munoth-jain-engineering-college
692,mizoram-university-aizawl
693,mk-university-college-madurai
694,mmes-women's-arts-and-science-college-vellore
695,modern-arts-and-science-college-jayankondam-ariyalur
696,mohamed-sathak-college-of-arts-and-science-chennai
697,mookambigai-college-of-engineering
698,mop-vaishnav-college-for-women-autonomous-chennai
699,moti-and-moti-arts-and-science-college-thanjavur
700,motilal-nehru-national-institute-of-technology-allahabad
701,mr-govt-arts-college-tiruvarur
702,m-s-ramaiah-institute-of-technology-bengaluru
703,mss-wakf-board-college-madurai
704,mumbai-university-mumbai
705,muslim-arts-college-kanyakumari
706,muthayammal-college-of-arts-and-science-namakkal
707,muthurangam-government-arts-college-vellore
708,muthurangam-govt-arts-college-vellore
709,mv-muthiah-govt-arts-college-for-women-dindigul
710,mysore-university-mysore
711,mysore-university-mysuru
712,nadar-saraswathy-college-of-arts-and-science-theni
713,naina-mohamed-college-of-arts-and-science-pudukottai
714,nallamuthu-gounder-mahalingam-college-autonomous-coimbatore
715,nalsar-university-of-law-hyderabad
716,nandha-arts-and-science-college-erode
717,narula-institute-of-technology-kolkata
718,national-college-of-engineering-kovilpatti-thoothukudi
719,national-college-trichy
720,national-engineering-college-kovilpatti
721,national-institute-of-food-technology-enterprenurship-and-management-sonipat
722,national-institute-of-industrial-engineering-mumbai
723,national-institute-of-industrial-engineering-mumbai
724,national-institute-of-technology-agartala
725,national-institute-of-technology-calicut-kozhikode
726,national-institute-of-technology-calicut-kozhikode
727,national-institute-of-technology-durgapur
728,national-institute-of-technology-durgapur
729,national-institute-of-technology-goa
730,national-institute-of-technology-hamirpur
731,national-institute-of-technology-jamshedpur
732,national-institute-of-technology-karnataka-surathkal
733,national-institute-of-technology-karnataka-surathkal
734,national-institute-of-technology-kurukshetra
735,national-institute-of-technology-manipur-imphal
736,national-institute-of-technology-meghalaya-shillong
737,national-institute-of-technology-patna
738,national-institute-of-technology-raipur
739,national-institute-of-technology-rourkela
740,national-institute-of-technology-rourkela
741,national-institute-of-technology-silchar
742,national-institute-of-technology-tiruchirappalli
743,national-institute-of-technology-tiruchirappalli
744,national-institute-of-technology-tiruchirappalli
745,national-institute-of-technology-tiruchirappalli
746,national-institute-of-technology-warangal
747,national-institute-of-technology-warangal
748,national-law-institute-university-bhopal
749,national-law-school-of-india-university-bengaluru
750,national-law-university-jodhpur
751,national-law-university-new-delhi
752,navarasam-arts-and-science-college-for-women-erode
753,nazareth-college-of-arts-and-science-chennai
754,nazareth-margochis-college-tuticorin
755,nehru-arts-and-science-college-coimbatore
756,nehru-college-of-arts-and-science-tirupur
757,nehru-memorial-college-trichy
758,nesamony-memorial-christian-college-kanyakumari
759,nethaji-subash-chandra-bose-college-tiruvarur
760,new-college-autonomous-chennai
761,new-horizon-college-of-engineering-bengaluru
762,newman-college-idukki
763,new-prince-shri-bhavani-arts-and-science-college-chennai
764,nift-tea-college-of-knitwear-fashion-tirupur
765,nirmala-college-for-women-coimbatore
766,nirmalagiri-college-kannur
767,nirma-university-ahmedabad
768,nirma-university-ahmedabad
769,nitte-mangaluru
770,nitte-mangaluru
771,nitte-meenakshi-institute-of-technology-bengaluru
772,nkr-government-arts-college-for-women-namakkal
773,n-m-a-m-institute-of-technology-nitte
774,nms-sermathai-vasan-college-for-women-madurai
775,nmss-vellachami-nadar-college-madurai
776,noorl-islam-arts-and-science-college-kanyakumari
777,north-eastern-hill-university-shillong
778,north-eastern-hill-university-shillong
779,north-eastern-regional-institute-of-science-and-technology-itanagar
780,npr-arts-and-science-college-dindigul
781,osmania-university-hyderabad
782,osmania-university-hyderabad
783,paavai-college-of-engineering-pachal
784,paavai-engineering-college-pachal
785,paavendhar-college-of-arts-and-science-salem
786,pachaiyappa's-college-chennai
787,pachaiyappa's-college-for-men-kanchipuram
788,pachaiyappa's-college-for-women-kanchipuram
789,pachamuthu-arts-and-science-women's-college-dharmapuri
790,padmashree-dr-d-y-patil-vidyapeeth-mumbai
791,padmasri-dr-bv-raju-institute-of-technology-medak
792,padmavani-college-of-arts-and-science-for-women-salem
793,pallavan-college-of-engineering
794,pandit-dwarka-prasad-mishra-indian-institute-of-information-technology-design-and-manufacturing-iiitdm-jabalpur
795,panimalar-engineering-college
796,panjab-university-chandigarh
797,panjab-university-chandigarh
798,panjab-university-chandigarh
799,panjab-university-chandigarh
800,pannaikadu-veerammal-paramasivam-college-dindigul
801,park's-college-tirupur
802,parvathy's-arts-and-science-college-dindigul
803,pasumbon-muthuramalinga-thevar-college-tirunelveli
804,pasumpon-muthuramalinga-thevar-college-madurai
805,pasumpon-thiru-muthuramalinga-thevar-college-ramnad
806,patrician-college-of-arts-and-science-chennai
807,pattammal-alagesan-college-of-arts-and-science-kanchipuram
808,pavai-college-of-technology-pachal
809,pavendar-bharadhidasan-arts-and-science-college-trichy
810,p-d-patel-institute-of-applied-sciences-changa
811,pec-university-of-technology-chandigarh
812,pee-gee-college-of-arts-and-science-dharmapuri
813,perarignar-anna-college-tirunelveli
814,periyar-arts-college-cuddalore
815,periyar-evr-college-autonomous-trichy
816,periyar-university-college-of-arts-and-science-harur-dharmapuri
817,periyar-university-salem
818,periyar-university-salem
819,p-e-s-college-of-engineering-mandya
820,pes-university-bengaluru
821,pgp-college-of-arts-and-science-namakkal
822,pimpri-chinchwad-college-of-engineering-pune
823,pioneer-college-of-arts-and-science-coimbatore
824,pioneer-kumarasamy-college-nagercoil-kanyakumari
825,pkn-arts-and-science-college-madurai
826,pkr-arts-college-for-women-erode
827,pmp-college-of-arts-and-science-dharmapuri
828,pondicherry-engineering-college-puducherry
829,pondicherry-university-puducherry
830,pondicherry-university-puducherry
831,ponnaiyah-ramajayam-college-thanjavur
832,poompuhar-college-nagapattinam
833,poonga-college-of-arts-and-science-chennai
834,pope's-college-tuticorin
835,ppg-institute-of-technology
836,prathyusha-engineering-college
837,presidency-college-autonomous-chennai
838,presidency-college-chennai
839,prince-shri-venkateshwara-arts-and-science-college-chennai
840,prof-dhanapalan-college-for-women-chennai
841,professor-jayashankar-telangana-state-agricultural-university-hyderabad
842,providence-college-for-women-udhagamandalam-nilgiris
843,psg-college-of-arts-and-science-autonomous-coimbatore
844,psg-college-of-arts-and-science-coimbatore
845,psg-college-of-technology-coimbatore
846,psg-college-of-technology-coimbatore
847,psg-college-of-technology-coimbatore
848,psgr-krishnamal-college-for-women-coimbatore
849,psgr-krishnammal-college-for-women-coimbatore
850,psna-college-of-engineering-and-technology-dindigul
851,punjab-agricultural-university-ludhiana
852,punjab-agricultural-university-ludhiana
853,punjab-technical-university-kapurthala
854,quaid-e-millet-college-chennai
855,quaid-e-millet-government-arts-college-for-women-autonomous-chennai
856,queen-mary's-college-autonomous-chennai
857,queen-marys-college-chennai
858,rabiammal-ahamed-maideen-college-for-women-tiruvarur-thanjavur
859,rabindharanath-tagore-college-of-arts-and-science-for-women-salem
860,raja-duraisingam-govt-arts-college-sivagangai
861,rajagiri-dawood-batcha-college-of-arts-and-science-thanjavur
862,rajahs-college-thanjavur
863,rajah-serfoji-govtarts-college-thanjavtur-thanjavur
864,rajalakshmi-engineering-college
865,rajalakshmi-engineering-college-chennai
866,rajalakshmi-institute-of-technology
867,rajapalayam-raju's-college-virudhunagar
868,rajeswari-arts-and-scinece-college-for-women-villupuram
869,rajeswari-vedachalam-government-arts-college-kanchipuram
870,rajiv-gandhi-college-of-engineering
871,rajiv-gandhi-institute-of-information-technology-and-biotechnology-pune
872,rajiv-gandhi-university-itanagar
873,ramakrishna-mission-residential-college-kolkata
874,ramakrishna-mission-vidyamandira-howrah
875,rama-krishna-mission-vivekananda-centenary-college-rahara
876,ramakrishna-mission-vivekananda-college-men-chennai
877,ramanujan-college-new-delhi
878,rama-prabha-college-of-arts-and-science-dindigul
879,ramasamy-tamil-college-karaikudi-sivagangai
880,ramrao-adik-institute-of-technology-navi-mumbai
881,rathinam-college-of-arts-and-science-coimbatore
882,rb-gothi-jain-college-for-women-chennai
883,rev-jacob-memorial-christian-college-dindigul
884,rmd-engineering-college
885,rmk-college-of-engineering-and-technology
886,rmk-engineering-college
887,r-m-k-engineering-college-thiruvallur
888,rose-mary-arts-and-science-college-tirunelveli
889,rtg-arts-and-science-college-for-women-villupuram
890,r-v-college-of-engineering-bengaluru
891,rvs-college-of-arts-and-science-coimbatore
892,sacred-heart-college-ernakulam
893,sacred-heart-college-tirupattur-vellore
894,sadakathullah-appa-college-tirunelveli
895,sa-engineering-college
896,sagi-ramakrishnam-raju-engineering-college-bhimavaram
897,salem-sowdeswari-college-salem
898,sami-arul-arts-and-science-college-thanjavur
899,sankara-college-of-science-and-commerce-coimbatore
900,sant-longowal-institute-of-engineering-and-technology-longowal
901,sarah-tucker-college-palayamkottai-tirunelveli
902,saraswathy-narayanan-college-madurai
903,saratha-college-of-arts-and-science-erode
904,sardar-patel-college-of-engineering-mumbai
905,sardar-raja-arts-college-tirunelveli
906,sardar-vallabhbhai-national-institute-of-technology-surat
907,sathyabama-institute-of-science-and-technology-chennai
908,sathyabama-institute-of-science-and-technology-chennai
909,sathyabama-institute-of-science-and-technology-chennai
910,sattanatha-karaiyalar-college-tenkasi-tirunelveli
911,saveetha-engineering-college
912,saveetha-engineering-college-sriperumbudur
913,saveetha-institute-of-medical-and-technical-sciences-chennai
914,saveetha-institute-of-medical-and-technical-sciences-chennai
915,saveetha-institute-of-medical-and-technical-sciences-chennai
916,savitribai-phule-pune-university-pune
917,savitribai-phule-pune-university-pune
918,sba-college-of-science-and-management-tiruvannamalai-tiruvanamalai
919,s-b-college-kottayam
920,sbk-college-virudhunagar
921,school-of-engineering-cochin-university-of-science-and-technology-cochin
922,school-of-planning-and-architecture-bhopal
923,school-of-planning-and-architecture-new-delhi
924,school-of-planning-and-architecture-vijayawada
925,scott-christian-college-kanyakumari
926,scott-christian-college-nagercoil
927,scsvmv-university-sri-chandrasekharendra-saraswathi-viswa-mahavidyalaya-kanchipuram
928,sdn-bhatt-vaishnav-college-for-women-chennai
929,seethalakshmi-achi-college-for-women-sivagangai
930,seethalakshmi-ramaswamy-college-autonomous-trichy
931,selvam-arts-and-science-college-namakkal
932,semgamala-thaayar-educational-trust-women's-college-tiruvarur
933,sengunthar-college-of-arts-and-science-namakkal
934,senthamil-college-madurai
935,sethupathy-govt-arts-college-ramanathapuram-ramnad
936,shaheed-rajguru-college-of-applied-sciences-for-women-delhi
937,shaheed-sukhdev-college-of-business-studies-new-delhi
938,shanmugha-arts-science-technology-and-research-academy-thanjavur
939,shanmugha-arts-science-technology-and-research-academy-thanjavur
940,shanmugha-arts-science-technology-and-research-academy-thanjavur
941,shiri-kumaran-college-of-arts-and-science-coimbatore
942,shivaji-college-delhi
943,shiv-nadar-university-gautam-budh-nagar
944,shiv-nadar-university-gautam-budh-nagar
945,shoolini-university-of-biotechnology-and-management-sciences-solan
946,shree-motilal-kanhaiyalal-fomra-institute-of-technology
947,shree-venkateshwara-hi-tech-engineering-college-gobichettipalayam
948,shri-andal-alagar-college-of-engineering
949,shri-aravindar-arts-and-science-college-villupuram
950,shri-chandra-prabhu-jain-college-for-men-tiruvallur
951,shri-mata-vaishno-devi-university-katra
952,shrimathi-indira-gandhi-college-women-trichy
953,shri-nehru-maha-vidyalaya-college-of-arts-and-science-coimbatore
954,shri-raghavendra-arts-and-science-college-chidambaram-cuddalore
955,shri-ram-college-of-commerce-delhi
956,shri-ramdeobaba-college-of-engineering-and-management-nagpur
957,shri-shankarlal-sundarbai-shasun-jain-college-for-women-chennai
958,shri-vile-parle-kelavani-mandals-dwarkadas-j-sanghvi-college-of-engineering-mumbai
959,shri-vishnu-engineering-college-for-women-bhimavaram
960,shunmuga-industries-arts-and-science-college-tirvuvannamalai-tiruvanamalai
961,shyam-lal-college-delhi
962,siddaganga-institute-of-technology-tumkur
963,siga-college-of-management-and-computer-science-villupuram
964,siksha-o-anusandhan-bhubaneswar
965,siksha-o-anusandhan-bhubaneswar
966,siksha-o-anusandhan-bhubaneswar
967,silver-jubilee-degree-college-kurnool
968,sindhi-college-of-arts-and-science-chennai
969,sir-theagaraya-college-chennai
970,sivanthi-adithanar-college-nagercoil-kanyakumari
971,sivet-college-chennai
972,sk-college-of-arts-and-science-tiruvarur
973,skp-engineering-college
974,skr-engineering-college
975,skr-engineering-college
976,skss-arts-college-thanjavur
977,sms-college-of-arts-and-science-coimbatore
978,snr-sons-college-coimbatore
979,sns-college-of-engineering-coimbatore
980,sns-college-of-technology-coimbatore
981,soka-ikeda-arts-and-science-college-for-women-chennai
982,sona-college-of-technology-salem
983,sona-college-of-technology-salem
984,sonai-meenal-arts-and-science-college-ramanathapuram-ramnad
985,sourashtra-college-for-women-madurai
986,sourashtra-college-madurai
987,sp-college-of-science-and-arts-madurai
988,s-p-jain-institute-of-management-and-research-mumbai
989,sree-amman-arts-and-science-college-erode
990,sree-ayyappa-college-for-women-kanyakumari
991,sree-devi-kumari-women's-college-kanyakumari
992,sree-narayana-guru-college-coimbatore
993,sree-ramu-college-of-arts-and-science-coimbatore
994,sree-saraswathy-thyagaraja-college-coimbatore
995,sree-sastha-institute-of-engineering-and-technology
996,sree-sastha-institute-of-engineering-and-technology
997,sree-sevugan-annamalai-college-sivagangai
998,sree-vidyanikethan-engineering-college-a-rangampet
999,sri-adi-chunchanagiri-women's-college-theni
1000,sri-akilandeswari-women's-college-tiruvannamalai-tiruvanamalai
1001,sri-arumugam-arts-and-science-college-cuddalore
1002,sri-balaji-vidyapeeth-mahatma-gandhi-medical-college-campus-puducherry
1003,sri-balamurugan-arts-and-science-college-salem
1004,sri-bharathi-arts-and-science-college-w-pudukkottai-pudukottai
1005,sri-bharathivelu-arts-and-science-college-vellore
1006,sri-bharathi-women's-arts-and-science-college-tiruvannamalai-tiruvanamalai
1007,sridevi-arts-and-science-college-tiruvallur
1008,sri-ganesh-college-of-arts-and-science-salem
1009,sri-gee-college-of-arts-and-science-coimbatore
1010,sri-guru-gobind-singh-college-of-commerce-delhi
1011,sri-guru-tegh-bahadur-khalsa-college-delhi
1012,sri-gvg-visalakshi-college-for-women-autonomous-udumalpet-coimbatore
1013,sri-jayachamarajendra-college-of-engineering-mysuru
1014,sri-jayendra-saraswathy-maha-vidayalaya-college-of-arts-and-science-coimbatore
1015,sri-kaliswari-college-sivakasi-virudhunagar
1016,sri-kandhan-college-of-arts-and-science-namakkal
1017,sri-kanniga-parameswari-arts-and-science-college-for-women-chennai
1018,sri-kgs-arts-college-tuticorin
1019,sri-krishna-arts-and-science-college-coimbatore
1020,sri-krishna-arts-and-science-college-coimbatore
1021,sri-krishna-college-of-engineering-&-technology-kuniamuthur-coimbatore
1022,sri-krishna-college-of-engineering-and-technology-coimbatore
1023,sri-krishna-college-of-technology-coimbatore
1024,srimad-andavan-arts-and-science-college-trichy
1025,srimath-sivagnana-balaya-swamigal-tamil-college-villupuram
1026,sri-meenakshi-government-college-for-women-madurai
1027,sri-meenakshi-govt-college-for-women-autonomous-madurai
1028,sri-muthukumaran-arts-and-science-college-chennai-kanchipuram
1029,sri-muthukumaran-institute-of-technology
1030,sri-muthukumarasamy-college-chennai
1031,sri-nagalakshmi-ammal-arts-and-science-college-madurai
1032,srinivasan-college-of-arts-and-science-perambalur
1033,sri-paramakalyani-college-tirunelveli
1034,sri-parasakthi-women's-college-tirunelveli
1035,sri-ramachandra-institute-of-higher-education-and-research-chennai
1036,sri-ramachandra-institute-of-higher-education-and-research-chennai
1037,sri-ramakrishna-college-of-arts-and-science-for-women-coimbatore
1038,sri-ramakrishna-engineering-college-coimbatore
1039,sri-ramakrishna-institute-of-technology-coimbatore
1040,sri-ramakrishna-mission-vidyalaya-college-of-arts-and-science-autonomous-coimbatore
1041,sri-ramakrishna-mission-vidyalaya-college-of-arts-and-science-coimbatore
1042,sri-ramalinga-sowdambigai-college-of-science-and-commerce-coimbatore
1043,sriram-college-of-arts-and-science-tiruvallur
1044,sriram-engineering-college
1045,sri-ram-institute-of-technology-chennai
1046,sri-sai-bharath-college-of-arts-and-science-dindigul
1047,sri-sai-ram-engineering-college
1048,sri-sai-ram-engineering-college
1049,sri-sairam-engineering-college-kancheepuram
1050,sri-sairam-institute-of-technology
1051,sri-sakthi-kailash-college-of-women-salem
1052,sri-sankara-arts-and-science-college-kanchipuram
1053,sri-sankara-arts-and-science-college-kumbakonam-thanjavur
1054,sri-sarada-college-for-women-autonomous-salem
1055,sri-sarada-niketan-college-of-science-for-women-karur
1056,sri-saradha-college-for-women-perambalur
1057,sri-saradha-niketan-college-for-women-sivagangai
1058,sri-saradha-women's-college-tirunelveli
1059,sri-sivasubramaniya-nadar-college-of-engineering
1060,sri-sivasubramaniya-nadar-college-of-engineering-kancheepuram
1061,sri-sivasubramaniya-nadar-college-of-engineering-kancheepuram
1062,sri-s-ramasamy-naidu-memorial-college-virudhunagar
1063,sri-subramaniaswami-government-arts-college-tiruvallur
1064,sri-thangam-periyasamy-arts-and-science-college-cuddalore
1065,sri-vasavi-college-erode
1066,sri-venkateswara-college-delhi
1067,sri-venkateswara-college-of-arts-and-science-thanjavur
1068,sri-venkateswara-college-of-engineering
1069,sri-venkateswara-college-of-engineering-and-technology
1070,sri-venkateswara-college-of-engineering-and-technology-chittoor
1071,sri-venkateswara-college-of-engineering-kancheepuram
1072,sri-venkateswara-institute-of-medical-sciences-tirupati
1073,sri-venkateswara-university-tirupati
1074,sri-venkateswara-university-tirupati
1075,sri-venkateswara-university-tirupati
1076,sri-vidhya-mandir-arts-and-science-college-dharmapuri
1077,sri-vinayaga-college-of-arts-and-science-villupuram
1078,srm-arts-and-science-college-chennai
1079,srm-engineering-college
1080,srm-institute-of-science-and-technology-chennai
1081,srm-institute-of-science-and-technology-chennai
1082,srm-institute-of-science-and-technology-chennai
1083,srm-institute-of-science-and-technology-chennai
1084,ss-duraisamy-nadar-maariammal-college-tuticorin
1085,ssm-college-of-arts-and-science-namakkal
1086,sss-college-art-science-and-management-vellore
1087,stella-maris-college-for-women-autonomous-chennai
1088,stella-maris-college-for-women-chennai
1089,st-francis-college-for-women-hyderabad
1090,st-george's-jayaraj-chelladurai-college-for-women-madurai
1091,st-hindu-college-nagercoil-kanyakumari
1092,st-john's-college-tirunelveli
1093,st-joseph-college-of-arts-and-science-cuddalore
1094,st-joseph's-college-arts-and-science-chennai
1095,st-josephs-college-autonomous-trichy
1096,st-joseph's-college-for-women-coimbatore
1097,st-josephs-college-kozhikode
1098,st-joseph's-college-of-arts-and-science-for-women-hosur-dharmapuri
1099,st-josephs-college-of-commerce-bengaluru
1100,st-josephs-college-of-engineering
1101,st-josephs-college-of-engineering-kancheepuram
1102,st-josephs-college-tiruchirappalli
1103,st-jude's-college-kanyakumari
1104,st-louis-college-for-the-deaf-chennai
1105,st-mary's-college-tuticorin
1106,st-mother-theresa-engineering-college vagaikulam-thoothukudi
1107,st-peters-college-of-engineering-and-technology
1108,st-stephens-college-delhi
1109,st-teresas-college-ernakulam
1110,st-thomas-college-of-arts-and-science-chennai
1111,st-thomas-college-thrissur
1112,st-xaviers-college-ahmedabad
1113,st-xaviers-college-kolkata
1114,st-xaviers-college-mumbai
1115,st-xaviers-college-palayamkottai
1116,st-xavier's-college-tirunelveli
1117,subbalakshmi-lakshmipathi-college-of-science-madurai
1118,subramaniyam-college-of-arts-and-science-namakkal
1119,subramanya-college-of-arts-and-science-dindigul
1120,sudharsan-college-of-arts-and-science-pudukottai
1121,sulthana-adbullah-rowther-college-for-women-thanjavur
1122,svkms-narsee-monjee-institute-of-management-studies-mumbai
1123,svkms-narsee-monjee-institute-of-management-studies-mumbai
1124,svkms-narsee-monjee-institute-of-management-studies-mumbai
1125,svkms-narsee-monjee-institute-of-management-studies-mumbai
1126,syed-hammeda-arts-and-science-college-ramanathapuram-ramnad
1127,symbiosis-institute-of-business-management-pune
1128,symbiosis-international-pune
1129,symbiosis-international-pune
1130,symbiosis-law-school-pune
1131,tagore-college-of-arts-and-science-chennai
1132,tamilavel-uma-maheswarnar-karanthai-arts-college-thanjavur
1133,tamil-nadu-agricultural-university-coimbatore
1134,tamil-nadu-agricultural-university-coimbatore
1135,tamilnadu-arts-and-science-college-chennai
1136,tamilnadu-college-of-engineering karumathampatti-coimbatore
1137,tamil-nadu-veterinary-&-animal-sciences-university-chennai
1138,tamil-nadu-veterinary-and-animal-sciences-university-chennai
1139,tamil-nadu-veterinary-and-animal-sciences-university-chennai
1140,t-a-pai-management-institute-manipal
1141,tata-institute-of-social-sciences-mumbai
1142,tata-institute-of-social-sciences-mumbai
1143,tbml-college-tharangambadi-nagapattinam
1144,tdmns-college-tirunelveli
1145,terf's-academy-college-of-arts-and-science-tirupur
1146,texcity-arts-and-science-college-coimbatore
1147,tezpur-university-tezpur
1148,tezpur-university-tezpur
1149,thakur-college-of-engineering-and-technology-mumbai
1150,thangavelu-engineering-college
1151,thanthai-hans-roever-college-perambalur
1152,thapar-institute-of-engineering-and-technology-deemed-to-be-university
1153,thapar-institute-of-engineering-and-technology-deemed-to-be-university-patiala
1154,thapar-institute-of-engineering-and-technology-deemed-to-be-university-patiala
1155,thassim-beevi-abdul-kadar-college-for-women-ramnad
1156,thavathiru-santhalinga-adigallar-arts-and-science-coimbatore
1157,the-american-college-autonomous-madurai
1158,the-gandhigram-rural-institute-gandhigram
1159,theivanai-ammal-college-for-women-villupuram
1160,the-mdt-hindu-college-tirunelveli
1161,the-national-institute-of-engineering-mysuru
1162,theni-college-of-arts-and-science-theni
1163,the-northcap-university-gurugram
1164,the-rajaas-engineering-college-raja-nagar-vadakkangulam-tirunelveli
1165,the-rajiv-gandhi-national-university-of-law-patiala
1166,the-rashtrasant-tukadoji-maharaj-nagpur-university-nagpur
1167,the-standard-fireworks-rajarathinam-college-for-women-autonomous-sivakasi-virudhunagar
1168,the-university-of-burdwan-bardhaman
1169,the-west-bengal-national-university-of-juridical-sciences-kolkata
1170,thiagarajar-college-autonomous-madurai
1171,thiagarajar-college-madurai
1172,thiagarajar-college-of-engineering-madurai
1173,thiru-govindasamy-government-arts-college-villupuram
1174,thiru-kolanjiappar-government-arts-college-virudhachalam-cuddalore
1175,thirumalai-engineering-college
1176,thirumurugan-college-of-arts-and-science-thiruvallur-chennai
1177,thirupattur-arts-and-science-college-thirupattur-vellore
1178,thiruthangal-nadar-college-chennai
1179,thiruvalluvar-arts-and-science-college-cuddalore
1180,thiruvalluvar-college-of-engineering-and-technology
1181,thiruvalluvar-college-tirunelveli
1182,thiruvalluvar-govt-arts-college-namakkal
1183,thiru-vi-ka-govt-arts-college-thiruvarur-tiruvarur
1184,tirukkovilur-college-of-arts-and-science-villupuram
1185,tiruppur-kumaran-college-for-women-tirupur
1186,t-k-m-college-of-arts-and-science-kollam
1187,tmg-college-of-arts-and-science-chennai
1188,trinity-college-for-women-namakkal
1189,ts-narayanasamy-college-of-arts-and-science-chennai
1190,tt-narasimhan---swami-dayananda-college-of-arts-and-science-thanjavur
1191,udaya-college-of-arts-and-science-kanyakumari
1192,university-college-of-engineering-kakinada
1193,university-college-of-engineering-osmania-university-hyderabad
1194,university-college-thiruvananthapuram
1195,university-of-agricultural-sciences-dharwad
1196,university-of-delhi-delhi
1197,university-of-delhi-delhi
1198,university-of-hyderabad-hyderabad
1199,university-of-hyderabad-hyderabad
1200,university-of-jammu-jammu
1201,university-of-kashmir-srinagar
1202,university-of-kashmir-srinagar
1203,university-of-madras-chennai
1204,university-of-madras-chennai
1205,university-of-petroleum-and-energy-studies-dehradun
1206,university-of-petroleum-and-energy-studies-dehradun
1207,urumu-dhanalakshmi-college-trichy
1208,vailakanni-malathy-pannicker-college-of-arts-and-science-chennai
1209,valliammai-engineering-college
1210,valliammal-college-for-women-chennai
1211,vallurupalli-nageswara-rao-vignana-jyothi-institute-of-engineering-and-technology-hyderabad
1212,valluvar-college-of-science-and-management-karur
1213,vardhaman-college-of-engineering-rangareddy
1214,vasavi-college-of-engineering-hyderabad
1215,veermata-jijabai-technological-institute-mumbai
1216,veer-surendra-sai-university-of-technology-burla
1217,velagapudi-ramakrishna-siddhartha-engineering-college-vijayawada
1218,velammal-engineering-college
1219,velammal-institute-of-technology
1220,vellakoil-arts-and-science-college-erode
1221,vellalar-college-for-women-erode
1222,vellalar-college-for-women-erode
1223,vellore-institute-of-technology-vellore
1224,vellore-institute-of-technology-vellore
1225,vellore-institute-of-technology-vellore
1226,vellore-institute-of-technology-vellore
1227,vel-sri-ranga-sanku-college-chennai
1228,vels-university-vel's-college-of-science-chennai
1229,vel-tech-multi-tech-dr-rangarajan-dr-sakunthala-engineering-college-morai
1230,vel-tech-rangarajan-dr-sagunthala-r-&-d-institute-of-science-and-technology-chennai
1231,vetri-vinayaha-college-of-engineering-and-technology
1232,vhnsn-college-virudhunagar
1233,vidhya-sagar-women's-college-chengalpattu-kanchipuram
1234,vidyasagar-college-of-arts-and-science-coimbatore
1235,vignans-foundation-for-science-technology-and-research-guntur
1236,vi-institute-of-technology
1237,vinayaka-missions-kirupananda-variyar-arts-and-science-college-salem
1238,virudhunagar-hindu-nadars-senthikumara-nadar-college-virudhunagar
1239,visva-bharati-santiniketan
1240,visva-bharati-santiniketan
1241,visvesvaraya-national-institute-of-technology-nagpur
1242,vivekananda-arts-and-science-college-for-women-nagapatinam-nagapattinam
1243,vivekananda-college-kanyakumari
1244,vivekanandha-college-autonomous-madurai
1245,vivekanandha-college-for-women-namakkal
1246,vlb-janakiammal-college-of-arts-and-science-coimbatore
1247,vn-krishnasamy-naidu-college-of-arts-and-science-for-women-mettuppalayam-coimbatore
1248,vo-chidambaram-college-tuticorin
1249,v-o-chidambaram-college-tuticorin
1250,voorhees-college-vellore
1251,vpmm-arts-and-science-college-for-women-virudhunagar
1252,vrs-college-of-engineering-and-technology
1253,vs-sivalingam-govt-arts-college-sivagangai
1254,vtm-college-of-arts-and-science-kanyakumari
1255,vvv-college-for-women-virudhunagar
1256,vysya-college-salem
1257,walchand-college-of-engineering-sangli
1258,wavoo-wajeeha-women's-college-tuticorin
1259,women's-christian-college-autonomous-chennai
1260,womens-christian-college-chennai
1261,women's-christian-college-kanyakumari
1262,womens-christian-college-nagercoil
1263,xavier-labour-relations-institute-jamshedpur
1264,xavier-university-bhubaneswar
1265,yadava-college-madurai
1266,yenepoya-deemed-to-be-university-mangalore
1267,yeshwantrao-chavan-college-of-engineering-nagpur
1268,ymca-university-of-science-and-technology-faridabad
